Season,Team,AdjTempo,RankAdjTempo,AdjOE,RankAdjOE,AdjDE,RankAdjDE,AdjEM,RankAdjEM,seed,Class,R64,R32,S16,E8,FF,CG,C
2011,Richmond,63.1619,288,111.003,47,95.4298,51,15.5729,39,12,S16,YES,YES,YES,NO,NO,NO,NO
2011,Marquette,66.7571,113,115.623,16,97.4927,74,18.1301,28,11,S16,YES,YES,YES,NO,NO,NO,NO
2011,Florida St.,67.5152,73,103.157,162,88.1874,2,14.9701,45,10,S16,YES,YES,YES,NO,NO,NO,NO
2011,Wisconsin,56.891,344,121.946,2,96.348,58,25.5977,8,4,S16,YES,YES,YES,NO,NO,NO,NO
2011,BYU,70.3423,20,117.73,8,94.2638,38,23.4657,11,3,S16,YES,YES,YES,NO,NO,NO,NO
2011,San Diego St.,62.8786,298,113.834,26,88.2242,3,25.6096,7,2,S16,YES,YES,YES,NO,NO,NO,NO
2011,Duke,69.1256,38,118.637,6,89.0891,5,29.5475,2,1,S16,YES,YES,YES,NO,NO,NO,NO
2011,Ohio St.,64.4098,241,123.643,1,91.4115,14,32.232,1,1,S16,YES,YES,YES,NO,NO,NO,NO
2011,Boston University,63.0646,291,102.907,166,103.292,186,-0.38517,170,16,R64,YES,NO,NO,NO,NO,NO,NO
2011,Hampton,66.566,122,93.9345,299,97.7279,76,-3.79341,203,16,R64,YES,NO,NO,NO,NO,NO,NO
2011,UNC Asheville,67.7991,66,101.432,194,99.0391,97,2.393,144,16,R64,YES,NO,NO,NO,NO,NO,NO
2011,UTSA,67.0401,94,101.474,193,106.668,257,-5.19344,227,16,R64,YES,NO,NO,NO,NO,NO,NO
2011,Akron,66.2222,147,103.29,161,99.533,106,3.75741,125,15,R64,YES,NO,NO,NO,NO,NO,NO
2011,LIU Brooklyn,73.2043,5,108.912,70,103.533,190,5.37973,107,15,R64,YES,NO,NO,NO,NO,NO,NO
2011,Northern Colorado,67.118,92,106.011,103,101.426,138,4.58447,116,15,R64,YES,NO,NO,NO,NO,NO,NO
2011,UC Santa Barbara,64.4276,240,103.503,154,99.4018,103,4.10161,121,15,R64,YES,NO,NO,NO,NO,NO,NO
2011,Bucknell,65.0026,217,105.356,114,97.7759,79,7.57974,85,14,R64,YES,NO,NO,NO,NO,NO,NO
2011,Indiana St.,65.4175,185,101.49,192,96.8677,63,4.62225,115,14,R64,YES,NO,NO,NO,NO,NO,NO
2011,Saint Peter's,64.6119,231,95.0018,292,91.7599,18,3.24183,129,14,R64,YES,NO,NO,NO,NO,NO,NO
2011,Wofford,63.4771,275,111.911,39,104.341,214,7.57016,86,14,R64,YES,NO,NO,NO,NO,NO,NO
2011,Belmont,68.7655,43,112.236,36,93.268,29,18.9677,23,13,R64,YES,NO,NO,NO,NO,NO,NO
2011,Oakland,71.6088,9,117.282,9,104.345,215,12.9371,58,13,R64,YES,NO,NO,NO,NO,NO,NO
2011,Princeton,63.3505,280,106.219,100,97.4016,71,8.81724,81,13,R64,YES,NO,NO,NO,NO,NO,NO
2011,Clemson,64.0185,255,107.856,84,90.4152,10,17.4409,29,12,R64,YES,NO,NO,NO,NO,NO,NO
2011,Memphis,67.8874,62,103.673,147,96.7112,62,6.96184,91,12,R64,YES,NO,NO,NO,NO,NO,NO
2011,Utah St.,62.8424,299,110.413,53,90.2135,8,20.1997,17,12,R64,YES,NO,NO,NO,NO,NO,NO
2011,Missouri,71.2086,13,112.932,31,96.3729,59,16.559,34,11,R64,YES,NO,NO,NO,NO,NO,NO
2011,Old Dominion,60.8228,330,109.126,67,94.8747,43,14.251,49,9,R64,YES,NO,NO,NO,NO,NO,NO
2011,Tennessee,66.3754,135,107.96,81,94.5968,41,13.3636,54,9,R64,YES,NO,NO,NO,NO,NO,NO
2011,Villanova,65.5804,175,114.746,22,96.4465,60,18.299,27,9,R64,YES,NO,NO,NO,NO,NO,NO
2011,UNLV,66.9325,100,110.321,55,91.5518,15,18.7696,25,8,R64,YES,NO,NO,NO,NO,NO,NO
2011,Texas A&M,61.4192,326,109.943,56,94.5593,40,15.3838,41,7,R64,YES,NO,NO,NO,NO,NO,NO
2011,Georgetown,63.7784,263,114.287,24,95.2916,48,18.9952,22,6,R64,YES,NO,NO,NO,NO,NO,NO
2011,St. John's,66.3588,138,110.496,52,93.6698,31,16.8263,33,6,R64,YES,NO,NO,NO,NO,NO,NO
2011,Xavier,64.8622,226,112.808,32,96.2683,57,16.5395,35,6,R64,YES,NO,NO,NO,NO,NO,NO
2011,Vanderbilt,66.882,104,115.206,17,97.7687,78,17.437,31,5,R64,YES,NO,NO,NO,NO,NO,NO
2011,Louisville,66.988,98,111.247,45,88.3769,4,22.87,12,4,R64,YES,NO,NO,NO,NO,NO,NO
2011,Morehead St.,63.8399,261,105.208,116,98.4152,86,6.79253,94,13,R32,YES,YES,NO,NO,NO,NO,NO
2011,Gonzaga,66.6571,118,110.61,51,94.1013,37,16.5087,36,11,R32,YES,YES,NO,NO,NO,NO,NO
2011,Illinois,65.2946,194,112.305,33,92.727,25,19.5782,20,9,R32,YES,YES,NO,NO,NO,NO,NO
2011,George Mason,65.0301,213,113.269,28,94.9599,44,18.3096,26,8,R32,YES,YES,NO,NO,NO,NO,NO
2011,Michigan,61.959,322,110.77,48,95.3533,49,15.4164,40,8,R32,YES,YES,NO,NO,NO,NO,NO
2011,Temple,64.7767,230,109.724,59,92.7362,26,16.988,32,7,R32,YES,YES,NO,NO,NO,NO,NO
2011,UCLA,65.5545,177,107.561,87,93.8189,34,13.7419,51,7,R32,YES,YES,NO,NO,NO,NO,NO
2011,Washington,70.7555,16,116.488,11,94.2736,39,22.2141,14,7,R32,YES,YES,NO,NO,NO,NO,NO
2011,Cincinnati,63.2667,283,109.822,58,90.218,9,19.6039,19,6,R32,YES,YES,NO,NO,NO,NO,NO
2011,Kansas St.,66.786,112,109.524,61,92.0845,20,17.4393,30,5,R32,YES,YES,NO,NO,NO,NO,NO
2011,West Virginia,62.7344,304,113.313,27,93.145,28,20.1684,18,5,R32,YES,YES,NO,NO,NO,NO,NO
2011,Texas,65.8605,166,114.882,20,88.1564,1,26.7252,5,4,R32,YES,YES,NO,NO,NO,NO,NO
2011,Purdue,66.3974,132,115.013,19,89.4016,7,25.6115,6,3,R32,YES,YES,NO,NO,NO,NO,NO
2011,Syracuse,65.0381,212,114.248,25,91.6187,17,22.6298,13,3,R32,YES,YES,NO,NO,NO,NO,NO
2011,Notre Dame,63.3777,279,121.279,3,96.6246,61,24.6542,10,2,R32,YES,YES,NO,NO,NO,NO,NO
2011,Pittsburgh,62.2651,312,119.627,4,92.2012,21,27.4261,4,1,R32,YES,YES,NO,NO,NO,NO,NO
2011,VCU,65.9737,161,109.563,60,100.813,126,8.74997,82,11,FF,YES,YES,YES,YES,YES,NO,NO
2011,Kentucky,65.932,163,117.76,7,92.4889,23,25.2715,9,4,FF,YES,YES,YES,YES,YES,NO,NO
2011,Arizona,65.5658,176,115.936,14,97.0522,67,18.8834,24,5,E8,YES,YES,YES,YES,NO,NO,NO
2011,Florida,62.5758,309,114.555,23,95.0304,45,19.5245,21,2,E8,YES,YES,YES,YES,NO,NO,NO
2011,North Carolina,70.5943,18,110.652,50,89.1087,6,21.5431,16,2,E8,YES,YES,YES,YES,NO,NO,NO
2011,Kansas,68.9821,40,119.505,5,90.8029,12,28.7018,3,1,E8,YES,YES,YES,YES,NO,NO,NO
2011,Alabama St.,63.859,259,92.3675,311,105.437,238,-13.0699,302,16,DNQ,NO,NO,NO,NO,NO,NO,NO
2011,Arkansas Little Rock,64.4828,237,100.167,217,104.657,221,-4.48952,215,16,DNQ,NO,NO,NO,NO,NO,NO,NO
2011,UAB,62.1202,316,108.63,73,96.1119,55,12.5184,60,12,DNQ,NO,NO,NO,NO,NO,NO,NO
2011,USC,62.1879,315,108.303,78,93.9363,36,14.3669,48,11,DNQ,NO,NO,NO,NO,NO,NO,NO
2011,Georgia,64.1695,247,107.153,90,95.1889,47,11.9637,64,10,DNQ,NO,NO,NO,NO,NO,NO,NO
2011,Michigan St.,65.0151,214,108.503,75,93.7079,32,14.7956,46,10,DNQ,NO,NO,NO,NO,NO,NO,NO
2011,Penn St.,59.8734,337,111.847,40,97.4264,72,14.4209,47,10,DNQ,NO,NO,NO,NO,NO,NO,NO
2011,Air Force,61.2714,328,105.717,107,101.138,130,4.57898,117,0,DNQ,NO,NO,NO,NO,NO,NO,NO
2011,Alabama,63.8506,260,103.651,148,91.2692,13,12.3817,61,0,DNQ,NO,NO,NO,NO,NO,NO,NO
2011,Alabama A&M,70.1295,25,86.2111,339,102.981,179,-16.7695,324,0,DNQ,NO,NO,NO,NO,NO,NO,NO
2011,Albany,60.3227,333,100.971,203,107.795,275,-6.82393,243,0,DNQ,NO,NO,NO,NO,NO,NO,NO
2011,Alcorn St.,76.097,1,85.559,342,110.81,316,-25.251,341,0,DNQ,NO,NO,NO,NO,NO,NO,NO
2011,American,60.7173,331,103.44,158,103.946,204,-0.50523,173,0,DNQ,NO,NO,NO,NO,NO,NO,NO
2011,Appalachian St.,66.4558,127,103.768,145,108.47,285,-4.70139,217,0,DNQ,NO,NO,NO,NO,NO,NO,NO
2011,Arizona St.,62.9875,296,103.482,156,100.457,122,3.0256,130,0,DNQ,NO,NO,NO,NO,NO,NO,NO
2011,Arkansas,66.396,133,105.369,112,100.3,119,5.06969,111,0,DNQ,NO,NO,NO,NO,NO,NO,NO
2011,Arkansas Pine Bluff,66.1804,149,88.2123,334,110.434,310,-22.2218,338,0,DNQ,NO,NO,NO,NO,NO,NO,NO
2011,Arkansas St.,64.5389,236,100.277,214,102.945,176,-2.66803,193,0,DNQ,NO,NO,NO,NO,NO,NO,NO
2011,Army,67.2642,86,98.8434,240,109.164,299,-10.3202,276,0,DNQ,NO,NO,NO,NO,NO,NO,NO
2011,Auburn,64.8293,227,96.013,278,102.039,157,-6.02615,236,0,DNQ,NO,NO,NO,NO,NO,NO,NO
2011,Austin Peay,66.9041,102,102.194,178,99.9312,113,2.26245,147,0,DNQ,NO,NO,NO,NO,NO,NO,NO
2011,Ball St.,64.0049,256,102.36,174,102.61,170,-0.24985,168,0,DNQ,NO,NO,NO,NO,NO,NO,NO
2011,Baylor,65.3086,193,106.531,96,97.2359,68,9.29515,79,0,DNQ,NO,NO,NO,NO,NO,NO,NO
2011,Bethune Cookman,61.3427,327,99.1894,235,111.059,321,-11.8697,291,0,DNQ,NO,NO,NO,NO,NO,NO,NO
2011,Binghamton,61.9969,320,96.9604,269,112.777,336,-15.8164,315,0,DNQ,NO,NO,NO,NO,NO,NO,NO
2011,Boise St.,67.4333,76,107.558,88,98.1973,83,9.36041,78,0,DNQ,NO,NO,NO,NO,NO,NO,NO
2011,Boston College,63.0239,293,116.394,13,104.544,218,11.8497,67,0,DNQ,NO,NO,NO,NO,NO,NO,NO
2011,Bowling Green,64.5415,235,96.8054,272,103.794,199,-6.98822,245,0,DNQ,NO,NO,NO,NO,NO,NO,NO
2011,Bradley,66.1446,151,100.115,221,103.6,193,-3.48477,201,0,DNQ,NO,NO,NO,NO,NO,NO,NO
2011,Brown,68.4193,51,102.188,179,108.553,288,-6.36482,237,0,DNQ,NO,NO,NO,NO,NO,NO,NO
2011,Bryant,65.1317,204,99.7982,226,113.56,339,-13.762,305,0,DNQ,NO,NO,NO,NO,NO,NO,NO
2011,Buffalo,66.0653,153,104.545,127,99.7813,111,4.76358,113,0,DNQ,NO,NO,NO,NO,NO,NO,NO
2011,Cal Poly,59.9981,336,97.2646,265,97.0296,66,0.234938,164,0,DNQ,NO,NO,NO,NO,NO,NO,NO
2011,Cal St. Bakersfield,67.7289,68,96.5832,274,110.683,315,-14.1002,307,0,DNQ,NO,NO,NO,NO,NO,NO,NO
2011,Cal St. Fullerton,67.8951,61,104.216,134,112.382,330,-8.1658,256,0,DNQ,NO,NO,NO,NO,NO,NO,NO
2011,Cal St. Northridge,68.1058,56,100.148,220,104.922,228,-4.77403,219,0,DNQ,NO,NO,NO,NO,NO,NO,NO
2011,California,67.858,64,109.448,63,98.4542,87,10.9938,69,0,DNQ,NO,NO,NO,NO,NO,NO,NO
2011,Campbell,64.4485,238,96.9465,270,104.899,227,-7.95245,253,0,DNQ,NO,NO,NO,NO,NO,NO,NO
2011,Canisius,65.123,205,102.354,175,103.571,192,-1.21718,181,0,DNQ,NO,NO,NO,NO,NO,NO,NO
2011,Centenary,69.1003,39,83.1743,344,112.422,331,-29.2473,344,0,DNQ,NO,NO,NO,NO,NO,NO,NO
2011,Central Arkansas,70.0752,27,89.8379,330,111.706,325,-21.8676,335,0,DNQ,NO,NO,NO,NO,NO,NO,NO
2011,Central Connecticut,66.4243,130,100.157,218,99.3391,101,0.818341,157,0,DNQ,NO,NO,NO,NO,NO,NO,NO
2011,Central Michigan,63.5017,274,91.0585,323,101.208,131,-10.1496,274,0,DNQ,NO,NO,NO,NO,NO,NO,NO
2011,Charleston Southern,66.2472,145,102.17,180,106.524,254,-4.35416,211,0,DNQ,NO,NO,NO,NO,NO,NO,NO
2011,Charlotte,64.0794,251,100.79,206,104.703,223,-3.91332,206,0,DNQ,NO,NO,NO,NO,NO,NO,NO
2011,Chattanooga,68.4926,48,98.242,250,107.907,276,-9.66535,270,0,DNQ,NO,NO,NO,NO,NO,NO,NO
2011,Chicago St.,70.5478,19,88.9963,331,117.7,344,-28.7032,343,0,DNQ,NO,NO,NO,NO,NO,NO,NO
2011,Cleveland St.,65.5366,178,109.428,64,97.5616,75,11.8662,66,0,DNQ,NO,NO,NO,NO,NO,NO,NO
2011,Coastal Carolina,66.2508,144,104.832,124,99.4205,104,5.41117,106,0,DNQ,NO,NO,NO,NO,NO,NO,NO
2011,Colgate,66.3559,140,96.5603,275,111.726,326,-15.1656,314,0,DNQ,NO,NO,NO,NO,NO,NO,NO
2011,College of Charleston,66.0496,154,112.969,30,103.172,183,9.79663,75,0,DNQ,NO,NO,NO,NO,NO,NO,NO
2011,Colorado,67.3964,78,116.433,12,102.788,172,13.6455,52,0,DNQ,NO,NO,NO,NO,NO,NO,NO
2011,Colorado St.,66.3747,136,108.722,72,98.2715,84,10.4501,72,0,DNQ,NO,NO,NO,NO,NO,NO,NO
2011,Columbia,67.2073,90,100.671,208,105.011,232,-4.34012,210,0,DNQ,NO,NO,NO,NO,NO,NO,NO
2011,Coppin St.,68.5944,47,97.6737,263,107.257,266,-9.5838,268,0,DNQ,NO,NO,NO,NO,NO,NO,NO
2011,Cornell,65.4961,181,104.44,130,106.751,258,-2.31023,192,0,DNQ,NO,NO,NO,NO,NO,NO,NO
2011,Creighton,63.3367,281,106.539,95,101.914,152,4.6249,114,0,DNQ,NO,NO,NO,NO,NO,NO,NO
2011,Dartmouth,65.6436,173,90.1168,329,106.61,255,-16.4927,320,0,DNQ,NO,NO,NO,NO,NO,NO,NO
2011,Davidson,67.0244,96,103.394,159,102.347,166,1.04643,154,0,DNQ,NO,NO,NO,NO,NO,NO,NO
2011,Dayton,65.3604,187,103.588,150,96.9575,65,6.63005,96,0,DNQ,NO,NO,NO,NO,NO,NO,NO
2011,Delaware,63.7759,264,99.4864,232,102.941,175,-3.45413,200,0,DNQ,NO,NO,NO,NO,NO,NO,NO
2011,Delaware St.,59.8491,338,98.4367,248,112.372,329,-13.9353,306,0,DNQ,NO,NO,NO,NO,NO,NO,NO
2011,Denver,56.6301,345,99.3518,233,103.801,200,-4.44924,213,0,DNQ,NO,NO,NO,NO,NO,NO,NO
2011,DePaul,68.6632,46,102.449,172,105.685,240,-3.23656,196,0,DNQ,NO,NO,NO,NO,NO,NO,NO
2011,Detroit,70.1012,26,106.083,101,103.07,181,3.01266,132,0,DNQ,NO,NO,NO,NO,NO,NO,NO
2011,Drake,65.0082,216,100.38,212,104.717,224,-4.33675,209,0,DNQ,NO,NO,NO,NO,NO,NO,NO
2011,Drexel,63.3012,282,98.6098,244,92.3513,22,6.25848,99,0,DNQ,NO,NO,NO,NO,NO,NO,NO
2011,Duquesne,70.9255,15,106.55,94,93.4124,30,13.1381,55,0,DNQ,NO,NO,NO,NO,NO,NO,NO
2011,East Carolina,65.3193,191,105.296,115,103.196,184,2.09979,148,0,DNQ,NO,NO,NO,NO,NO,NO,NO
2011,East Tennessee St.,64.0693,254,102.472,171,97.934,82,4.53816,118,0,DNQ,NO,NO,NO,NO,NO,NO,NO
2011,Eastern Illinois,63.0878,290,92.2765,313,105.784,241,-13.5076,304,0,DNQ,NO,NO,NO,NO,NO,NO,NO
2011,Eastern Kentucky,61.2092,329,101.494,191,108.247,281,-6.75275,241,0,DNQ,NO,NO,NO,NO,NO,NO,NO
2011,Eastern Michigan,66.5158,126,88.6324,333,99.5523,107,-10.9199,282,0,DNQ,NO,NO,NO,NO,NO,NO,NO
2011,Eastern Washington,64.1088,250,98.602,245,107.199,263,-8.59736,259,0,DNQ,NO,NO,NO,NO,NO,NO,NO
2011,Elon,67.5718,70,103.455,157,110.457,311,-7.00174,246,0,DNQ,NO,NO,NO,NO,NO,NO,NO
2011,Evansville,66.6996,115,100.151,219,101.804,145,-1.65348,184,0,DNQ,NO,NO,NO,NO,NO,NO,NO
2011,Fairfield,65.4974,180,97.7809,258,91.6053,16,6.17567,101,0,DNQ,NO,NO,NO,NO,NO,NO,NO
2011,Fairleigh Dickinson,66.563,123,92.4386,310,109.043,295,-16.6045,322,0,DNQ,NO,NO,NO,NO,NO,NO,NO
2011,FIU,68.7925,42,99.9591,223,111.115,322,-11.1555,284,0,DNQ,NO,NO,NO,NO,NO,NO,NO
2011,Florida A&M,66.8313,108,87.8561,335,106.364,249,-18.5082,325,0,DNQ,NO,NO,NO,NO,NO,NO,NO
2011,Florida Atlantic,62.8068,302,101.966,184,103.317,187,-1.35046,182,0,DNQ,NO,NO,NO,NO,NO,NO,NO
2011,Florida Gulf Coast,67.9349,59,93.8723,301,105.23,234,-11.3577,285,0,DNQ,NO,NO,NO,NO,NO,NO,NO
2011,Fordham,66.6503,119,97.3834,264,109.02,294,-11.637,289,0,DNQ,NO,NO,NO,NO,NO,NO,NO
2011,Fresno St.,66.0048,157,101.412,195,101.891,149,-0.47929,172,0,DNQ,NO,NO,NO,NO,NO,NO,NO
2011,Furman,63.1638,287,104.37,131,101.998,156,2.372,145,0,DNQ,NO,NO,NO,NO,NO,NO,NO
2011,Gardner Webb,63.6839,272,94.4685,295,104.177,211,-9.70862,271,0,DNQ,NO,NO,NO,NO,NO,NO,NO
2011,George Washington,63.9631,257,100.66,209,101.234,133,-0.57389,174,0,DNQ,NO,NO,NO,NO,NO,NO,NO
2011,Georgia Southern,66.4403,128,88.7765,332,108.476,287,-19.6996,329,0,DNQ,NO,NO,NO,NO,NO,NO,NO
2011,Georgia St.,64.126,249,93.8756,300,98.8557,93,-4.98009,223,0,DNQ,NO,NO,NO,NO,NO,NO,NO
2011,Georgia Tech,68.2243,53,101.547,189,95.5129,52,6.03377,102,0,DNQ,NO,NO,NO,NO,NO,NO,NO
2011,Grambling St.,66.5282,125,86.6206,338,106.254,246,-19.6337,328,0,DNQ,NO,NO,NO,NO,NO,NO,NO
2011,Green Bay,65.2009,201,103.531,153,102.954,178,0.577225,160,0,DNQ,NO,NO,NO,NO,NO,NO,NO
2011,Hartford,63.4031,277,92.0271,317,103.678,195,-11.6514,290,0,DNQ,NO,NO,NO,NO,NO,NO,NO
2011,Harvard,63.7543,266,112.266,35,100.848,127,11.4183,68,0,DNQ,NO,NO,NO,NO,NO,NO,NO
2011,Hawaii,66.2058,148,100.895,205,100.405,121,0.490053,161,0,DNQ,NO,NO,NO,NO,NO,NO,NO
2011,High Point,67.2437,88,93.8158,303,108.14,277,-14.3237,308,0,DNQ,NO,NO,NO,NO,NO,NO,NO
2011,Hofstra,65.4596,182,107.916,82,104.989,230,2.92719,137,0,DNQ,NO,NO,NO,NO,NO,NO,NO
2011,Holy Cross,65.1037,207,100.981,202,106.103,243,-5.12229,225,0,DNQ,NO,NO,NO,NO,NO,NO,NO
2011,Houston,65.9093,164,100.693,207,105.444,239,-4.75057,218,0,DNQ,NO,NO,NO,NO,NO,NO,NO
2011,Houston Baptist,70.9586,14,90.5213,326,112.727,334,-22.2061,337,0,DNQ,NO,NO,NO,NO,NO,NO,NO
2011,Howard,64.974,220,87.2466,336,111.368,323,-24.1218,340,0,DNQ,NO,NO,NO,NO,NO,NO,NO
2011,Idaho,63.8239,262,104.522,128,101.615,140,2.90658,138,0,DNQ,NO,NO,NO,NO,NO,NO,NO
2011,Idaho St.,64.3352,244,97.7802,259,110.598,313,-12.8179,300,0,DNQ,NO,NO,NO,NO,NO,NO,NO
2011,Illinois Chicago,64.5999,232,95.5581,284,103.73,198,-8.17157,257,0,DNQ,NO,NO,NO,NO,NO,NO,NO
2011,Illinois St.,62.7247,306,95.2843,288,102.225,161,-6.94095,244,0,DNQ,NO,NO,NO,NO,NO,NO,NO
2011,Indiana,65.0455,211,109.235,66,101.226,132,8.00905,84,0,DNQ,NO,NO,NO,NO,NO,NO,NO
2011,Iona,68.1197,55,113.204,29,101.25,134,11.9544,65,0,DNQ,NO,NO,NO,NO,NO,NO,NO
2011,Iowa,67.0992,93,102.817,168,96.2612,56,6.55564,97,0,DNQ,NO,NO,NO,NO,NO,NO,NO
2011,Iowa St.,69.3777,34,107.612,86,98.667,91,8.94513,80,0,DNQ,NO,NO,NO,NO,NO,NO,NO
2011,IPFW,65.4229,184,105.096,117,105.984,242,-0.88793,177,0,DNQ,NO,NO,NO,NO,NO,NO,NO
2011,IUPUI,62.0376,319,110.727,49,106.995,261,3.73141,126,0,DNQ,NO,NO,NO,NO,NO,NO,NO
2011,Jackson St.,63.6592,273,94.9042,293,105.373,236,-10.4685,278,0,DNQ,NO,NO,NO,NO,NO,NO,NO
2011,Jacksonville,67.5457,72,97.7795,260,97.8714,80,-0.09187,166,0,DNQ,NO,NO,NO,NO,NO,NO,NO
2011,Jacksonville St.,61.8157,323,95.1453,290,107.457,270,-12.312,294,0,DNQ,NO,NO,NO,NO,NO,NO,NO
2011,James Madison,67.0103,97,107.849,85,101.629,141,6.2198,100,0,DNQ,NO,NO,NO,NO,NO,NO,NO
2011,Kennesaw St.,64.0785,253,97.731,261,114.309,340,-16.5777,321,0,DNQ,NO,NO,NO,NO,NO,NO,NO
2011,Kent St.,66.8425,107,103.556,152,98.5012,88,5.05456,112,0,DNQ,NO,NO,NO,NO,NO,NO,NO
2011,La Salle,71.2799,11,106.076,102,106.466,252,-0.38979,171,0,DNQ,NO,NO,NO,NO,NO,NO,NO
2011,Lafayette,64.7991,228,102.374,173,107.331,267,-4.95616,221,0,DNQ,NO,NO,NO,NO,NO,NO,NO
2011,Lamar,73.8485,3,99.6792,228,106.328,248,-6.64888,238,0,DNQ,NO,NO,NO,NO,NO,NO,NO
2011,Lehigh,70.3145,21,102.15,181,104.103,209,-1.953,187,0,DNQ,NO,NO,NO,NO,NO,NO,NO
2011,Liberty,65.0546,210,96.9246,271,102.277,163,-5.35219,229,0,DNQ,NO,NO,NO,NO,NO,NO,NO
2011,Lipscomb,69.7518,31,105.998,104,104.718,225,1.28042,153,0,DNQ,NO,NO,NO,NO,NO,NO,NO
2011,Long Beach St.,68.7593,44,106.293,99,99.1409,100,7.15248,88,0,DNQ,NO,NO,NO,NO,NO,NO,NO
2011,Longwood,70.265,22,101.499,190,117.888,345,-16.3882,319,0,DNQ,NO,NO,NO,NO,NO,NO,NO
2011,Louisiana Lafayette,68.0929,57,98.0647,255,103.919,203,-5.85472,234,0,DNQ,NO,NO,NO,NO,NO,NO,NO
2011,Louisiana Monroe,62.2449,313,93.7974,304,112.717,333,-18.92,326,0,DNQ,NO,NO,NO,NO,NO,NO,NO
2011,Louisiana Tech,65.9392,162,95.0733,291,101.761,144,-6.68747,239,0,DNQ,NO,NO,NO,NO,NO,NO,NO
2011,Loyola Chicago,64.8891,224,105.045,118,102.331,165,2.71472,139,0,DNQ,NO,NO,NO,NO,NO,NO,NO
2011,Loyola Marymount,66.8132,111,101.316,197,104.761,226,-3.44428,199,0,DNQ,NO,NO,NO,NO,NO,NO,NO
2011,Loyola MD,65.2243,199,102.841,167,104.007,208,-1.16543,180,0,DNQ,NO,NO,NO,NO,NO,NO,NO
2011,LSU,65.174,203,94.6919,294,100.592,124,-5.89978,235,0,DNQ,NO,NO,NO,NO,NO,NO,NO
2011,Maine,65.1212,206,104.029,138,107.447,269,-3.41866,198,0,DNQ,NO,NO,NO,NO,NO,NO,NO
2011,Manhattan,62.7965,303,95.8358,283,110.203,306,-14.3676,309,0,DNQ,NO,NO,NO,NO,NO,NO,NO
2011,Marist,65.2318,197,94.2017,296,110.522,312,-16.3206,318,0,DNQ,NO,NO,NO,NO,NO,NO,NO
2011,Marshall,67.3063,81,108.5,76,99.7517,110,8.74807,83,0,DNQ,NO,NO,NO,NO,NO,NO,NO
2011,Maryland,70.0358,28,109.062,69,93.8781,35,15.1843,42,0,DNQ,NO,NO,NO,NO,NO,NO,NO
2011,Maryland Eastern Shore,69.2395,36,91.4281,321,113.396,338,-21.9678,336,0,DNQ,NO,NO,NO,NO,NO,NO,NO
2011,Massachusetts,66.927,101,97.7293,262,98.8746,95,-1.14527,179,0,DNQ,NO,NO,NO,NO,NO,NO,NO
2011,McNeese St.,65.3335,190,105.381,111,108.402,282,-3.02038,194,0,DNQ,NO,NO,NO,NO,NO,NO,NO
2011,Mercer,65.6767,172,100.271,215,104.154,210,-3.88275,205,0,DNQ,NO,NO,NO,NO,NO,NO,NO
2011,Miami FL,64.3343,245,111.297,44,99.0923,98,12.2044,63,0,DNQ,NO,NO,NO,NO,NO,NO,NO
2011,Miami OH,62.8391,300,104.729,125,106.49,253,-1.76103,185,0,DNQ,NO,NO,NO,NO,NO,NO,NO
2011,Middle Tennessee,65.9874,158,97.8308,256,99.9884,115,-2.15752,189,0,DNQ,NO,NO,NO,NO,NO,NO,NO
2011,Milwaukee,65.8307,167,103.826,143,101.343,137,2.48322,142,0,DNQ,NO,NO,NO,NO,NO,NO,NO
2011,Minnesota,65.3157,192,109.487,62,96.9194,64,12.5674,59,0,DNQ,NO,NO,NO,NO,NO,NO,NO
2011,Mississippi,66.322,143,112.224,37,102.539,168,9.68494,76,0,DNQ,NO,NO,NO,NO,NO,NO,NO
2011,Mississippi St.,66.608,121,106.669,92,103.687,196,2.98178,136,0,DNQ,NO,NO,NO,NO,NO,NO,NO
2011,Mississippi Valley St.,71.722,8,93.0273,306,107.527,271,-14.4993,311,0,DNQ,NO,NO,NO,NO,NO,NO,NO
2011,Missouri St.,62.0619,318,111.969,38,101.817,146,10.1517,73,0,DNQ,NO,NO,NO,NO,NO,NO,NO
2011,Monmouth,63.0271,292,93.8372,302,104.299,212,-10.4623,277,0,DNQ,NO,NO,NO,NO,NO,NO,NO
2011,Montana,62.8363,301,101.029,199,95.1386,46,5.88998,104,0,DNQ,NO,NO,NO,NO,NO,NO,NO
2011,Montana St.,64.7866,229,99.6283,229,107.091,262,-7.46316,248,0,DNQ,NO,NO,NO,NO,NO,NO,NO
2011,Morgan St.,65.8924,165,94.1199,298,101.324,135,-7.20386,247,0,DNQ,NO,NO,NO,NO,NO,NO,NO
2011,Mount St. Mary's,64.3963,243,94.1376,297,101.854,148,-7.71606,249,0,DNQ,NO,NO,NO,NO,NO,NO,NO
2011,Murray St.,62.5927,308,103.497,155,100.484,123,3.01245,133,0,DNQ,NO,NO,NO,NO,NO,NO,NO
2011,Navy,69.7944,30,92.5328,309,102.185,159,-9.65217,269,0,DNQ,NO,NO,NO,NO,NO,NO,NO
2011,Nebraska,62.6606,307,104.85,123,91.7745,19,13.0752,56,0,DNQ,NO,NO,NO,NO,NO,NO,NO
2011,Nevada,67.2782,84,103.88,142,102.952,177,0.927333,156,0,DNQ,NO,NO,NO,NO,NO,NO,NO
2011,New Hampshire,62.1032,317,90.336,328,101.835,147,-11.4992,288,0,DNQ,NO,NO,NO,NO,NO,NO,NO
2011,New Mexico,65.2898,195,111.132,46,96.0676,54,15.0649,43,0,DNQ,NO,NO,NO,NO,NO,NO,NO
2011,New Mexico St.,67.0285,95,104.992,120,102.289,164,2.70315,140,0,DNQ,NO,NO,NO,NO,NO,NO,NO
2011,Niagara,67.5458,71,91.5923,320,104.335,213,-12.743,298,0,DNQ,NO,NO,NO,NO,NO,NO,NO
2011,Nicholls St.,60.325,332,96.5107,276,102.195,160,-5.68467,232,0,DNQ,NO,NO,NO,NO,NO,NO,NO
2011,NJIT,65.9757,160,92.1686,316,106.615,256,-14.4466,310,0,DNQ,NO,NO,NO,NO,NO,NO,NO
2011,Norfolk St.,69.1818,37,96.4256,277,109.044,296,-12.6188,296,0,DNQ,NO,NO,NO,NO,NO,NO,NO
2011,North Carolina A&T,68.2119,54,98.3649,249,110.646,314,-12.2814,292,0,DNQ,NO,NO,NO,NO,NO,NO,NO
2011,North Carolina Central,66.0409,156,95.2991,287,110.273,308,-14.9735,313,0,DNQ,NO,NO,NO,NO,NO,NO,NO
2011,North Carolina St.,66.3562,139,109.117,68,102.114,158,7.0027,90,0,DNQ,NO,NO,NO,NO,NO,NO,NO
2011,North Dakota,66.8202,110,91.4182,322,104.467,217,-13.0492,301,0,DNQ,NO,NO,NO,NO,NO,NO,NO
2011,North Dakota St.,67.3706,80,104.06,137,103.647,194,0.413063,162,0,DNQ,NO,NO,NO,NO,NO,NO,NO
2011,North Florida,65.7442,169,98.9888,238,103.965,206,-4.97612,222,0,DNQ,NO,NO,NO,NO,NO,NO,NO
2011,North Texas,67.4935,75,108.412,77,108.997,292,-0.585,175,0,DNQ,NO,NO,NO,NO,NO,NO,NO
2011,Northeastern,62.9936,294,107.894,83,110.936,319,-3.04196,195,0,DNQ,NO,NO,NO,NO,NO,NO,NO
2011,Northern Arizona,65.435,183,105.83,106,101.894,150,3.93537,123,0,DNQ,NO,NO,NO,NO,NO,NO,NO
2011,Northern Illinois,67.8818,63,98.1858,251,108.463,284,-10.2767,275,0,DNQ,NO,NO,NO,NO,NO,NO,NO
2011,Northern Iowa,59.3976,343,108.23,79,103.972,207,4.25805,119,0,DNQ,NO,NO,NO,NO,NO,NO,NO
2011,Northwestern,63.3951,278,115.642,15,103.29,185,12.3519,62,0,DNQ,NO,NO,NO,NO,NO,NO,NO
2011,Northwestern St.,71.5061,10,100.46,211,109.248,300,-8.78794,260,0,DNQ,NO,NO,NO,NO,NO,NO,NO
2011,Ohio,67.2952,83,106.619,93,105.279,235,1.3396,152,0,DNQ,NO,NO,NO,NO,NO,NO,NO
2011,Oklahoma,64.5625,233,104.142,136,101.646,142,2.49573,141,0,DNQ,NO,NO,NO,NO,NO,NO,NO
2011,Oklahoma St.,64.9871,219,105.83,105,95.8304,53,10,74,0,DNQ,NO,NO,NO,NO,NO,NO,NO
2011,Oral Roberts,66.1651,150,110.397,54,106.439,250,3.95754,122,0,DNQ,NO,NO,NO,NO,NO,NO,NO
2011,Oregon,66.3777,134,105.584,108,98.8705,94,6.71304,95,0,DNQ,NO,NO,NO,NO,NO,NO,NO
2011,Oregon St.,69.5573,33,102.271,176,101.543,139,0.728239,159,0,DNQ,NO,NO,NO,NO,NO,NO,NO
2011,Pacific,59.8456,339,105.014,119,102.678,171,2.33657,146,0,DNQ,NO,NO,NO,NO,NO,NO,NO
2011,Penn,63.6914,271,101.095,198,102.897,174,-1.80134,186,0,DNQ,NO,NO,NO,NO,NO,NO,NO
2011,Pepperdine,65.9861,159,103.887,141,109.074,297,-5.18712,226,0,DNQ,NO,NO,NO,NO,NO,NO,NO
2011,Portland,62.9926,295,111.82,41,105.004,231,6.81528,93,0,DNQ,NO,NO,NO,NO,NO,NO,NO
2011,Portland St.,67.2217,89,103.561,151,112.727,335,-9.16679,265,0,DNQ,NO,NO,NO,NO,NO,NO,NO
2011,Prairie View A&M,66.6207,120,85.2357,343,106.92,260,-21.6844,334,0,DNQ,NO,NO,NO,NO,NO,NO,NO
2011,Presbyterian,59.4417,341,100.903,204,108.762,290,-7.8593,251,0,DNQ,NO,NO,NO,NO,NO,NO,NO
2011,Providence,71.7985,7,109.347,65,101.939,153,7.40792,87,0,DNQ,NO,NO,NO,NO,NO,NO,NO
2011,Quinnipiac,67.2616,87,103.95,140,103.71,197,0.240078,163,0,DNQ,NO,NO,NO,NO,NO,NO,NO
2011,Radford,66.9594,99,85.9941,341,106.173,244,-20.1789,331,0,DNQ,NO,NO,NO,NO,NO,NO,NO
2011,Rhode Island,66.2332,146,102.918,165,99.0077,96,3.91002,124,0,DNQ,NO,NO,NO,NO,NO,NO,NO
2011,Rice,63.9576,258,104.453,129,103.446,188,1.00646,155,0,DNQ,NO,NO,NO,NO,NO,NO,NO
2011,Rider,67.9174,60,107.333,89,102.239,162,5.09411,110,0,DNQ,NO,NO,NO,NO,NO,NO,NO
2011,Robert Morris,63.7451,267,102.488,170,100.645,125,1.84288,150,0,DNQ,NO,NO,NO,NO,NO,NO,NO
2011,Rutgers,62.9516,297,107.997,80,98.3272,85,9.66959,77,0,DNQ,NO,NO,NO,NO,NO,NO,NO
2011,Sacramento St.,63.7374,268,92.8774,308,108.999,293,-16.1214,317,0,DNQ,NO,NO,NO,NO,NO,NO,NO
2011,Sacred Heart,65.773,168,98.5249,246,107.779,273,-9.25396,266,0,DNQ,NO,NO,NO,NO,NO,NO,NO
2011,Saint Joseph's,63.1971,285,105.497,110,107.56,272,-2.06296,188,0,DNQ,NO,NO,NO,NO,NO,NO,NO
2011,Saint Louis,63.7329,269,98.8188,242,95.3909,50,3.42792,127,0,DNQ,NO,NO,NO,NO,NO,NO,NO
2011,Saint Mary's,65.3531,188,117.116,10,101.069,129,16.0464,37,0,DNQ,NO,NO,NO,NO,NO,NO,NO
2011,Sam Houston St.,65.6983,171,102.548,169,103.519,189,-0.97097,178,0,DNQ,NO,NO,NO,NO,NO,NO,NO
2011,Samford,60.2853,334,95.531,285,110.432,309,-14.9012,312,0,DNQ,NO,NO,NO,NO,NO,NO,NO
2011,San Diego,64.1501,248,92.236,315,104.547,219,-12.3108,293,0,DNQ,NO,NO,NO,NO,NO,NO,NO
2011,San Francisco,66.3388,142,101.706,186,99.8501,112,1.85615,149,0,DNQ,NO,NO,NO,NO,NO,NO,NO
2011,San Jose St.,66.8579,106,103.958,139,104.664,222,-0.70648,176,0,DNQ,NO,NO,NO,NO,NO,NO,NO
2011,Santa Clara,66.8755,105,104.926,121,103.107,182,1.81919,151,0,DNQ,NO,NO,NO,NO,NO,NO,NO
2011,Savannah St.,62.3535,310,90.4811,327,99.5718,108,-9.09067,264,0,DNQ,NO,NO,NO,NO,NO,NO,NO
2011,Seattle,72.3584,6,92.3248,312,101.746,143,-9.4213,267,0,DNQ,NO,NO,NO,NO,NO,NO,NO
2011,Seton Hall,67.9375,58,103.699,146,90.6465,11,13.0522,57,0,DNQ,NO,NO,NO,NO,NO,NO,NO
2011,Siena,68.3118,52,98.4754,247,101.984,155,-3.50848,202,0,DNQ,NO,NO,NO,NO,NO,NO,NO
2011,SIU Edwardsville,68.676,45,86.0098,340,112.545,332,-26.5355,342,0,DNQ,NO,NO,NO,NO,NO,NO,NO
2011,SMU,60.0173,335,103.616,149,102.854,173,0.762431,158,0,DNQ,NO,NO,NO,NO,NO,NO,NO
2011,South Alabama,67.304,82,99.1256,236,111.495,324,-12.3689,295,0,DNQ,NO,NO,NO,NO,NO,NO,NO
2011,South Carolina,67.4158,77,100.299,213,97.3162,70,2.98286,135,0,DNQ,NO,NO,NO,NO,NO,NO,NO
2011,South Carolina St.,66.7084,114,91.0057,325,110.22,307,-19.2139,327,0,DNQ,NO,NO,NO,NO,NO,NO,NO
2011,South Dakota,71.2638,12,99.3269,234,110.815,317,-11.4879,287,0,DNQ,NO,NO,NO,NO,NO,NO,NO
2011,South Dakota St.,67.6141,69,115.074,18,109.762,304,5.3126,108,0,DNQ,NO,NO,NO,NO,NO,NO,NO
2011,South Florida,61.4364,325,103.016,163,99.5947,109,3.4209,128,0,DNQ,NO,NO,NO,NO,NO,NO,NO
2011,Southeast Missouri St.,66.5462,124,96.9961,268,109.631,303,-12.635,297,0,DNQ,NO,NO,NO,NO,NO,NO,NO
2011,Southeastern Louisiana,65.0581,209,98.1411,252,106.458,251,-8.31674,258,0,DNQ,NO,NO,NO,NO,NO,NO,NO
2011,Southern,64.9951,218,81.5684,345,112.032,328,-30.4631,345,0,DNQ,NO,NO,NO,NO,NO,NO,NO
2011,Southern Illinois,63.6993,270,95.9505,281,101.332,136,-5.38143,230,0,DNQ,NO,NO,NO,NO,NO,NO,NO
2011,Southern Miss,64.9592,221,111.38,43,100.858,128,10.5213,71,0,DNQ,NO,NO,NO,NO,NO,NO,NO
2011,Southern Utah,66.6962,116,99.8128,225,108.736,289,-8.92311,261,0,DNQ,NO,NO,NO,NO,NO,NO,NO
2011,St. Bonaventure,63.1484,289,106.413,97,103.953,205,2.45996,143,0,DNQ,NO,NO,NO,NO,NO,NO,NO
2011,St. Francis NY,66.3466,141,98.127,253,101.981,154,-3.85384,204,0,DNQ,NO,NO,NO,NO,NO,NO,NO
2011,St. Francis PA,65.335,189,98.853,239,109.376,301,-10.5233,279,0,DNQ,NO,NO,NO,NO,NO,NO,NO
2011,Stanford,64.4082,242,104.145,135,97.7415,77,6.40311,98,0,DNQ,NO,NO,NO,NO,NO,NO,NO
2011,Stephen F. Austin,59.399,342,95.9754,279,100.002,117,-4.02629,207,0,DNQ,NO,NO,NO,NO,NO,NO,NO
2011,Stetson,65.5834,174,95.9156,282,109.094,298,-13.1785,303,0,DNQ,NO,NO,NO,NO,NO,NO,NO
2011,Stony Brook,62.726,305,92.9422,307,98.6096,89,-5.66742,231,0,DNQ,NO,NO,NO,NO,NO,NO,NO
2011,TCU,66.3657,137,101.817,185,101.91,151,-0.09356,167,0,DNQ,NO,NO,NO,NO,NO,NO,NO
2011,Tennessee Martin,68.4205,50,96.7259,273,109.471,302,-12.7451,299,0,DNQ,NO,NO,NO,NO,NO,NO,NO
2011,Tennessee St.,64.546,234,101.386,196,108.202,279,-6.81588,242,0,DNQ,NO,NO,NO,NO,NO,NO,NO
2011,Tennessee Tech,70.1759,24,100.473,210,104.935,229,-4.4612,214,0,DNQ,NO,NO,NO,NO,NO,NO,NO
2011,Texas A&M Corpus Chris,64.8912,223,92.2646,314,108.217,280,-15.9521,316,0,DNQ,NO,NO,NO,NO,NO,NO,NO
2011,Texas Pan American,65.2229,200,93.3753,305,114.337,341,-20.9621,333,0,DNQ,NO,NO,NO,NO,NO,NO,NO
2011,Texas Southern,65.1766,202,91.8765,318,102.601,169,-10.7248,280,0,DNQ,NO,NO,NO,NO,NO,NO,NO
2011,Texas St.,73.3835,4,99.6226,230,107.426,268,-7.80332,250,0,DNQ,NO,NO,NO,NO,NO,NO,NO
2011,Texas Tech,69.726,32,106.68,91,102.491,167,4.18895,120,0,DNQ,NO,NO,NO,NO,NO,NO,NO
2011,The Citadel,62.3246,311,100.1,222,111.049,320,-10.949,283,0,DNQ,NO,NO,NO,NO,NO,NO,NO
2011,Toledo,63.1787,286,91.0172,324,111.911,327,-20.8939,332,0,DNQ,NO,NO,NO,NO,NO,NO,NO
2011,Towson,65.4975,179,104.883,122,115.689,342,-10.8061,281,0,DNQ,NO,NO,NO,NO,NO,NO,NO
2011,Troy,70.6114,17,97.15,267,107.21,264,-10.0602,273,0,DNQ,NO,NO,NO,NO,NO,NO,NO
2011,Tulane,65.0835,208,101.59,188,103.804,201,-2.21336,191,0,DNQ,NO,NO,NO,NO,NO,NO,NO
2011,Tulsa,66.0764,152,106.392,98,99.3455,102,7.04614,89,0,DNQ,NO,NO,NO,NO,NO,NO,NO
2011,UC Davis,66.8975,103,102.253,177,108.941,291,-6.68783,240,0,DNQ,NO,NO,NO,NO,NO,NO,NO
2011,UC Irvine,70.2437,23,102.046,182,106.308,247,-4.26169,208,0,DNQ,NO,NO,NO,NO,NO,NO,NO
2011,UC Riverside,65.2249,198,97.2498,266,106.195,245,-8.94545,263,0,DNQ,NO,NO,NO,NO,NO,NO,NO
2011,UCF,64.4296,239,105.36,113,99.4511,105,5.90856,103,0,DNQ,NO,NO,NO,NO,NO,NO,NO
2011,UMBC,67.2709,85,95.2741,289,117.599,343,-22.3246,339,0,DNQ,NO,NO,NO,NO,NO,NO,NO
2011,UMKC,64.2005,246,101.028,200,110.929,318,-9.90113,272,0,DNQ,NO,NO,NO,NO,NO,NO,NO
2011,UNC Greensboro,70.0054,29,98.7073,243,110.065,305,-11.3581,286,0,DNQ,NO,NO,NO,NO,NO,NO,NO
2011,UNC Wilmington,62.1977,314,101.009,201,105.383,237,-4.37416,212,0,DNQ,NO,NO,NO,NO,NO,NO,NO
2011,USC Upstate,63.4098,276,91.7407,319,108.402,283,-16.6615,323,0,DNQ,NO,NO,NO,NO,NO,NO,NO
2011,UT Arlington,67.5006,74,95.9603,280,103.898,202,-7.93779,252,0,DNQ,NO,NO,NO,NO,NO,NO,NO
2011,Utah,67.7331,67,102.985,164,99.9792,114,3.00585,134,0,DNQ,NO,NO,NO,NO,NO,NO,NO
2011,Utah Valley,65.7339,170,100.182,216,108.159,278,-7.9763,254,0,DNQ,NO,NO,NO,NO,NO,NO,NO
2011,UTEP,66.8224,109,104.666,126,93.7891,33,10.8769,70,0,DNQ,NO,NO,NO,NO,NO,NO,NO
2011,Valparaiso,66.4379,129,105.531,109,98.658,90,6.8731,92,0,DNQ,NO,NO,NO,NO,NO,NO,NO
2011,Vermont,64.9432,222,101.693,187,98.6777,92,3.01499,131,0,DNQ,NO,NO,NO,NO,NO,NO,NO
2011,Virginia,59.6034,340,103.295,160,97.4698,73,5.82514,105,0,DNQ,NO,NO,NO,NO,NO,NO,NO
2011,Virginia Tech,64.0788,252,108.618,74,92.662,24,15.9564,38,0,DNQ,NO,NO,NO,NO,NO,NO,NO
2011,VMI,75.1147,2,109.874,57,113.132,337,-3.25831,197,0,DNQ,NO,NO,NO,NO,NO,NO,NO
2011,Wagner,66.6897,117,99.7801,227,105.051,233,-5.27116,228,0,DNQ,NO,NO,NO,NO,NO,NO,NO
2011,Wake Forest,69.277,35,99.5379,231,108.474,286,-8.93588,262,0,DNQ,NO,NO,NO,NO,NO,NO,NO
2011,Washington St.,67.8244,65,108.797,71,94.7098,42,14.0872,50,0,DNQ,NO,NO,NO,NO,NO,NO,NO
2011,Weber St.,64.8842,225,103.768,144,103.541,191,0.227654,165,0,DNQ,NO,NO,NO,NO,NO,NO,NO
2011,Western Carolina,68.4887,49,97.7862,257,99.9942,116,-2.20794,190,0,DNQ,NO,NO,NO,NO,NO,NO,NO
2011,Western Illinois,61.6237,324,86.8366,337,106.876,259,-20.0398,330,0,DNQ,NO,NO,NO,NO,NO,NO,NO
2011,Western Kentucky,67.2038,91,99.848,224,104.403,216,-4.55548,216,0,DNQ,NO,NO,NO,NO,NO,NO,NO
2011,Western Michigan,67.3864,79,104.359,132,104.655,220,-0.2959,169,0,DNQ,NO,NO,NO,NO,NO,NO,NO
2011,Wichita St.,65.0118,215,111.45,42,97.9047,81,13.5455,53,0,DNQ,NO,NO,NO,NO,NO,NO,NO
2011,William & Mary,63.2502,284,102.038,183,107.788,274,-5.75017,233,0,DNQ,NO,NO,NO,NO,NO,NO,NO
2011,Winthrop,65.2854,196,95.4612,286,100.325,120,-4.86398,220,0,DNQ,NO,NO,NO,NO,NO,NO,NO
2011,Wright St.,61.9718,321,104.258,133,99.1008,99,5.15764,109,0,DNQ,NO,NO,NO,NO,NO,NO,NO
2011,Wyoming,66.4235,131,98.0691,254,103.056,180,-4.98726,224,0,DNQ,NO,NO,NO,NO,NO,NO,NO
2011,Yale,66.0483,155,98.8333,241,100.297,118,-1.46348,183,0,DNQ,NO,NO,NO,NO,NO,NO,NO
2011,Youngstown St.,68.909,41,99.0919,237,107.221,265,-8.12868,255,0,DNQ,NO,NO,NO,NO,NO,NO,NO
2011,Butler,63.7754,265,112.272,34,97.278,69,14.9935,44,8,CG,YES,YES,YES,YES,YES,YES,NO
2011,Connecticut,65.3986,186,114.804,21,93.1006,27,21.703,15,3,C,YES,YES,YES,YES,YES,YES,YES